Customer ID,Invoice ID,Customer type,Gender
750-67-8428-Member,750-67-8428,Member,Female
226-31-3081-Normal,226-31-3081,Normal,Female
631-41-3108-Normal,631-41-3108,Normal,Male
123-19-1176-Member,123-19-1176,Member,Male
373-73-7910-Normal,373-73-7910,Normal,Male
699-14-3026-Normal,699-14-3026,Normal,Male
355-53-5943-Member,355-53-5943,Member,Female
315-22-5665-Normal,315-22-5665,Normal,Female
665-32-9167-Member,665-32-9167,Member,Female
692-92-5582-Member,692-92-5582,Member,Female
351-62-0822-Member,351-62-0822,Member,Female
529-56-3974-Member,529-56-3974,Member,Male
365-64-0515-Normal,365-64-0515,Normal,Female
252-56-2699-Normal,252-56-2699,Normal,Male
829-34-3910-Normal,829-34-3910,Normal,Female
299-46-1805-Member,299-46-1805,Member,Female
656-95-9349-Member,656-95-9349,Member,Female
765-26-6951-Normal,765-26-6951,Normal,Male
329-62-1586-Normal,329-62-1586,Normal,Male
319-50-3348-Normal,319-50-3348,Normal,Female
300-71-4605-Member,300-71-4605,Member,Male
371-85-5789-Normal,371-85-5789,Normal,Male
273-16-6619-Normal,273-16-6619,Normal,Male
636-48-8204-Normal,636-48-8204,Normal,Male
549-59-1358-Member,549-59-1358,Member,Male
227-03-5010-Member,227-03-5010,Member,Female
649-29-6775-Normal,649-29-6775,Normal,Male
189-17-4241-Normal,189-17-4241,Normal,Female
145-94-9061-Normal,145-94-9061,Normal,Female
848-62-7243-Normal,848-62-7243,Normal,Male
871-79-8483-Normal,871-79-8483,Normal,Male
149-71-6266-Member,149-71-6266,Member,Male
640-49-2076-Normal,640-49-2076,Normal,Male
595-11-5460-Normal,595-11-5460,Normal,Male
183-56-6882-Member,183-56-6882,Member,Female
232-16-2483-Member,232-16-2483,Member,Female
129-29-8530-Member,129-29-8530,Member,Male
272-65-1806-Normal,272-65-1806,Normal,Female
333-73-7901-Normal,333-73-7901,Normal,Female
777-82-7220-Member,777-82-7220,Member,Male
280-35-5823-Member,280-35-5823,Member,Female
554-53-8700-Member,554-53-8700,Member,Male
354-25-5821-Member,354-25-5821,Member,Female
228-96-1411-Member,228-96-1411,Member,Female
617-15-4209-Member,617-15-4209,Member,Male
132-32-9879-Member,132-32-9879,Member,Female
370-41-7321-Member,370-41-7321,Member,Male
727-46-3608-Member,727-46-3608,Member,Female
669-54-1719-Member,669-54-1719,Member,Male
574-22-5561-Member,574-22-5561,Member,Female
326-78-5178-Member,326-78-5178,Member,Male
162-48-8011-Member,162-48-8011,Member,Female
616-24-2851-Member,616-24-2851,Member,Female
778-71-5554-Member,778-71-5554,Member,Male
242-55-6721-Normal,242-55-6721,Normal,Male
399-46-5918-Normal,399-46-5918,Normal,Female
106-35-6779-Member,106-35-6779,Member,Male
635-40-6220-Normal,635-40-6220,Normal,Male
817-48-8732-Member,817-48-8732,Member,Female
120-06-4233-Normal,120-06-4233,Normal,Male
285-68-5083-Member,285-68-5083,Member,Female
803-83-5989-Normal,803-83-5989,Normal,Male
347-34-2234-Member,347-34-2234,Member,Female
199-75-8169-Member,199-75-8169,Member,Male
853-23-2453-Member,853-23-2453,Member,Male
877-22-3308-Member,877-22-3308,Member,Male
838-78-4295-Normal,838-78-4295,Normal,Female
109-28-2512-Member,109-28-2512,Member,Female
232-11-3025-Normal,232-11-3025,Normal,Male
382-03-4532-Member,382-03-4532,Member,Female
393-65-2792-Normal,393-65-2792,Normal,Male
796-12-2025-Normal,796-12-2025,Normal,Male
510-95-6347-Member,510-95-6347,Member,Female
841-35-6630-Normal,841-35-6630,Normal,Female
287-21-9091-Normal,287-21-9091,Normal,Male
732-94-0499-Normal,732-94-0499,Normal,Female
263-10-3913-Member,263-10-3913,Member,Male
381-20-0914-Member,381-20-0914,Member,Female
829-49-1914-Member,829-49-1914,Member,Female
756-01-7507-Normal,756-01-7507,Normal,Female
870-72-4431-Normal,870-72-4431,Normal,Female
847-38-7188-Normal,847-38-7188,Normal,Female
480-63-2856-Normal,480-63-2856,Normal,Male
787-56-0757-Member,787-56-0757,Member,Female
360-39-5055-Member,360-39-5055,Member,Male
730-50-9884-Normal,730-50-9884,Normal,Female
362-58-8315-Normal,362-58-8315,Normal,Male
633-44-8566-Member,633-44-8566,Member,Male
504-35-8843-Normal,504-35-8843,Normal,Male
318-68-5053-Normal,318-68-5053,Normal,Female
565-80-5980-Member,565-80-5980,Member,Female
225-32-0908-Normal,225-32-0908,Normal,Female
873-51-0671-Member,873-51-0671,Member,Female
152-08-9985-Member,152-08-9985,Member,Male
512-91-0811-Normal,512-91-0811,Normal,Male
594-34-4444-Normal,594-34-4444,Normal,Male
766-85-7061-Normal,766-85-7061,Normal,Male
871-39-9221-Normal,871-39-9221,Normal,Female
865-92-6136-Normal,865-92-6136,Normal,Male
733-01-9107-Normal,733-01-9107,Normal,Male
163-56-7055-Member,163-56-7055,Member,Male
189-98-2939-Normal,189-98-2939,Normal,Male
551-21-3069-Normal,551-21-3069,Normal,Female
212-62-1842-Normal,212-62-1842,Normal,Male
716-39-1409-Normal,716-39-1409,Normal,Male
704-48-3927-Member,704-48-3927,Member,Male
628-34-3388-Normal,628-34-3388,Normal,Male
630-74-5166-Normal,630-74-5166,Normal,Male
588-01-7461-Normal,588-01-7461,Normal,Female
861-77-0145-Member,861-77-0145,Member,Male
479-26-8945-Member,479-26-8945,Member,Female
210-67-5886-Member,210-67-5886,Member,Female
227-78-1148-Normal,227-78-1148,Normal,Female
645-44-1170-Member,645-44-1170,Member,Male
237-01-6122-Member,237-01-6122,Member,Female
225-98-1496-Normal,225-98-1496,Normal,Female
291-32-1427-Member,291-32-1427,Member,Male
659-65-8956-Member,659-65-8956,Member,Male
642-32-2990-Normal,642-32-2990,Normal,Female
378-24-2715-Normal,378-24-2715,Normal,Male
638-60-7125-Normal,638-60-7125,Normal,Female
659-36-1684-Member,659-36-1684,Member,Male
219-22-9386-Member,219-22-9386,Member,Male
336-78-2147-Member,336-78-2147,Member,Male
268-27-6179-Member,268-27-6179,Member,Female
668-90-8900-Normal,668-90-8900,Normal,Female
870-54-3162-Normal,870-54-3162,Normal,Female
189-08-9157-Normal,189-08-9157,Normal,Female
663-86-9076-Member,663-86-9076,Member,Female
549-84-7482-Normal,549-84-7482,Normal,Female
191-10-6171-Normal,191-10-6171,Normal,Female
802-70-5316-Member,802-70-5316,Member,Female
695-51-0018-Normal,695-51-0018,Normal,Female
590-83-4591-Member,590-83-4591,Member,Male
483-71-1164-Normal,483-71-1164,Normal,Female
597-78-7908-Normal,597-78-7908,Normal,Male
700-81-1757-Normal,700-81-1757,Normal,Female
354-39-5160-Member,354-39-5160,Member,Female
241-72-9525-Normal,241-72-9525,Normal,Male
575-30-8091-Normal,575-30-8091,Normal,Male
731-81-9469-Member,731-81-9469,Member,Female
280-17-4359-Member,280-17-4359,Member,Male
338-65-2210-Member,338-65-2210,Member,Female
488-25-4221-Member,488-25-4221,Member,Female
239-10-7476-Normal,239-10-7476,Normal,Female
458-41-1477-Normal,458-41-1477,Normal,Female
685-64-1609-Member,685-64-1609,Member,Female
568-90-5112-Normal,568-90-5112,Normal,Male
262-47-2794-Member,262-47-2794,Member,Male
238-49-0436-Normal,238-49-0436,Normal,Male
608-96-3517-Member,608-96-3517,Member,Female
584-86-7256-Member,584-86-7256,Member,Male
746-94-0204-Normal,746-94-0204,Normal,Male
214-17-6927-Normal,214-17-6927,Normal,Female
400-89-4171-Normal,400-89-4171,Normal,Female
782-95-9291-Member,782-95-9291,Member,Male
279-74-2924-Member,279-74-2924,Member,Male
307-85-2293-Normal,307-85-2293,Normal,Male
743-04-1105-Member,743-04-1105,Member,Male
423-57-2993-Normal,423-57-2993,Normal,Male
894-41-5205-Normal,894-41-5205,Normal,Female
275-28-0149-Normal,275-28-0149,Normal,Male
101-17-6199-Normal,101-17-6199,Normal,Male
423-80-0988-Normal,423-80-0988,Normal,Male
548-46-9322-Normal,548-46-9322,Normal,Male
505-02-0892-Member,505-02-0892,Member,Male
234-65-2137-Normal,234-65-2137,Normal,Male
687-47-8271-Normal,687-47-8271,Normal,Male
796-32-9050-Normal,796-32-9050,Normal,Male
105-31-1824-Member,105-31-1824,Member,Male
249-42-3782-Normal,249-42-3782,Normal,Male
316-55-4634-Member,316-55-4634,Member,Male
733-33-4967-Normal,733-33-4967,Normal,Male
608-27-6295-Member,608-27-6295,Member,Male
414-12-7047-Normal,414-12-7047,Normal,Male
827-26-2100-Member,827-26-2100,Member,Male
175-54-2529-Member,175-54-2529,Member,Male
139-52-2867-Normal,139-52-2867,Normal,Female
407-63-8975-Normal,407-63-8975,Normal,Male
342-65-4817-Member,342-65-4817,Member,Male
130-98-8941-Normal,130-98-8941,Normal,Male
434-83-9547-Member,434-83-9547,Member,Male
851-28-6367-Member,851-28-6367,Member,Male
824-88-3614-Normal,824-88-3614,Normal,Male
586-25-0848-Normal,586-25-0848,Normal,Female
895-66-0685-Member,895-66-0685,Member,Male
305-14-0245-Member,305-14-0245,Member,Female
732-04-5373-Member,732-04-5373,Member,Male
400-60-7251-Normal,400-60-7251,Normal,Male
593-65-1552-Normal,593-65-1552,Normal,Female
284-34-9626-Normal,284-34-9626,Normal,Female
437-58-8131-Normal,437-58-8131,Normal,Female
286-43-6208-Normal,286-43-6208,Normal,Female
641-43-2399-Normal,641-43-2399,Normal,Male
831-07-6050-Normal,831-07-6050,Normal,Male
556-86-3144-Member,556-86-3144,Member,Female
848-24-9445-Member,848-24-9445,Member,Male
856-22-8149-Normal,856-22-8149,Normal,Female
699-01-4164-Normal,699-01-4164,Normal,Male
420-11-4919-Member,420-11-4919,Member,Female
606-80-4905-Member,606-80-4905,Member,Female
542-41-0513-Member,542-41-0513,Member,Female
426-39-2418-Normal,426-39-2418,Normal,Male
875-46-5808-Member,875-46-5808,Member,Male
394-43-4238-Member,394-43-4238,Member,Male
749-24-1565-Normal,749-24-1565,Normal,Female
672-51-8681-Member,672-51-8681,Member,Female
263-87-5680-Member,263-87-5680,Member,Female
573-58-9734-Normal,573-58-9734,Normal,Female
817-69-8206-Normal,817-69-8206,Normal,Female
888-02-0338-Normal,888-02-0338,Normal,Male
677-11-0152-Normal,677-11-0152,Normal,Female
142-63-6033-Normal,142-63-6033,Normal,Male
656-16-1063-Normal,656-16-1063,Normal,Male
891-58-8335-Member,891-58-8335,Member,Female
802-43-8934-Normal,802-43-8934,Normal,Male
560-30-5617-Normal,560-30-5617,Normal,Female
319-74-2561-Member,319-74-2561,Member,Female
549-03-9315-Normal,549-03-9315,Normal,Male
790-29-1172-Normal,790-29-1172,Normal,Female
239-36-3640-Normal,239-36-3640,Normal,Male
468-01-2051-Normal,468-01-2051,Normal,Male
389-25-3394-Normal,389-25-3394,Normal,Male
279-62-1445-Member,279-62-1445,Member,Female
213-72-6612-Normal,213-72-6612,Normal,Male
746-68-6593-Member,746-68-6593,Member,Female
836-82-5858-Member,836-82-5858,Member,Male
583-72-1480-Member,583-72-1480,Member,Male
466-61-5506-Member,466-61-5506,Member,Female
721-86-6247-Normal,721-86-6247,Normal,Female
289-65-5721-Normal,289-65-5721,Normal,Female
545-46-3100-Member,545-46-3100,Member,Female
418-02-5978-Normal,418-02-5978,Normal,Female
269-04-5750-Member,269-04-5750,Member,Male
157-13-5295-Member,157-13-5295,Member,Male
645-78-8093-Normal,645-78-8093,Normal,Female
211-30-9270-Normal,211-30-9270,Normal,Male
755-12-3214-Member,755-12-3214,Member,Female
346-84-3103-Member,346-84-3103,Member,Female
478-06-7835-Normal,478-06-7835,Normal,Male
540-11-4336-Normal,540-11-4336,Normal,Male
448-81-5016-Normal,448-81-5016,Normal,Male
142-72-4741-Member,142-72-4741,Member,Male
217-58-1179-Member,217-58-1179,Member,Male
376-02-8238-Normal,376-02-8238,Normal,Male
530-90-9855-Member,530-90-9855,Member,Male
866-05-7563-Member,866-05-7563,Member,Female
604-70-6476-Member,604-70-6476,Member,Male
799-71-1548-Member,799-71-1548,Member,Male
785-13-7708-Normal,785-13-7708,Normal,Male
845-51-0542-Member,845-51-0542,Member,Male
662-47-5456-Member,662-47-5456,Member,Male
883-17-4236-Normal,883-17-4236,Normal,Female
290-68-2984-Normal,290-68-2984,Normal,Male
704-11-6354-Member,704-11-6354,Member,Male
110-48-7033-Member,110-48-7033,Member,Male
366-93-0948-Member,366-93-0948,Member,Male
729-09-9681-Member,729-09-9681,Member,Male
151-16-1484-Member,151-16-1484,Member,Male
380-94-4661-Member,380-94-4661,Member,Male
850-41-9669-Normal,850-41-9669,Normal,Female
821-07-3596-Normal,821-07-3596,Normal,Female
655-85-5130-Member,655-85-5130,Member,Female
447-15-7839-Member,447-15-7839,Member,Female
154-74-7179-Normal,154-74-7179,Normal,Male
253-12-6086-Member,253-12-6086,Member,Female
808-65-0703-Normal,808-65-0703,Normal,Male
571-94-0759-Member,571-94-0759,Member,Female
144-51-6085-Member,144-51-6085,Member,Male
731-14-2199-Member,731-14-2199,Member,Female
783-09-1637-Normal,783-09-1637,Normal,Female
687-15-1097-Member,687-15-1097,Member,Female
126-54-1082-Member,126-54-1082,Member,Female
633-91-1052-Normal,633-91-1052,Normal,Female
477-24-6490-Normal,477-24-6490,Normal,Female
566-19-5475-Normal,566-19-5475,Normal,Male
526-86-8552-Member,526-86-8552,Member,Female
376-56-3573-Normal,376-56-3573,Normal,Female
537-72-0426-Member,537-72-0426,Member,Male
828-61-5674-Member,828-61-5674,Member,Male
136-08-6195-Normal,136-08-6195,Normal,Female
523-38-0215-Normal,523-38-0215,Normal,Male
490-29-1201-Normal,490-29-1201,Normal,Female
667-92-0055-Member,667-92-0055,Member,Male
565-17-3836-Member,565-17-3836,Member,Female
498-41-1961-Normal,498-41-1961,Normal,Male
593-95-4461-Member,593-95-4461,Member,Male
226-71-3580-Normal,226-71-3580,Normal,Female
283-79-9594-Normal,283-79-9594,Normal,Female
430-60-3493-Member,430-60-3493,Member,Female
139-20-0155-Member,139-20-0155,Member,Male
558-80-4082-Normal,558-80-4082,Normal,Male
278-97-7759-Member,278-97-7759,Member,Female
316-68-6352-Member,316-68-6352,Member,Female
585-03-5943-Normal,585-03-5943,Normal,Male
211-05-0490-Member,211-05-0490,Member,Female
727-75-6477-Normal,727-75-6477,Normal,Male
744-02-5987-Member,744-02-5987,Member,Male
307-83-9164-Member,307-83-9164,Member,Male
779-06-0012-Member,779-06-0012,Member,Female
446-47-6729-Normal,446-47-6729,Normal,Male
573-10-3877-Member,573-10-3877,Member,Male
735-06-4124-Normal,735-06-4124,Normal,Male
439-54-7422-Normal,439-54-7422,Normal,Female
396-90-2219-Normal,396-90-2219,Normal,Female
411-77-0180-Member,411-77-0180,Member,Male
286-01-5402-Normal,286-01-5402,Normal,Female
803-17-8013-Member,803-17-8013,Member,Female
512-98-1403-Member,512-98-1403,Member,Female
848-42-2560-Normal,848-42-2560,Normal,Female
532-59-7201-Member,532-59-7201,Member,Male
181-94-6432-Member,181-94-6432,Member,Male
870-76-1733-Member,870-76-1733,Member,Female
423-64-4619-Member,423-64-4619,Member,Female
227-07-4446-Member,227-07-4446,Member,Female
174-36-3675-Member,174-36-3675,Member,Male
428-83-5800-Member,428-83-5800,Member,Female
603-07-0961-Member,603-07-0961,Member,Male
704-20-4138-Member,704-20-4138,Member,Female
787-15-1757-Member,787-15-1757,Member,Male
649-11-3678-Normal,649-11-3678,Normal,Female
622-20-1945-Normal,622-20-1945,Normal,Female
372-94-8041-Normal,372-94-8041,Normal,Male
563-91-7120-Normal,563-91-7120,Normal,Female
746-54-5508-Normal,746-54-5508,Normal,Male
276-54-0879-Normal,276-54-0879,Normal,Male
815-11-1168-Member,815-11-1168,Member,Male
719-76-3868-Member,719-76-3868,Member,Male
730-61-8757-Member,730-61-8757,Member,Male
340-66-0321-Member,340-66-0321,Member,Male
868-81-1752-Normal,868-81-1752,Normal,Male
634-97-8956-Normal,634-97-8956,Normal,Male
566-71-1091-Normal,566-71-1091,Normal,Male
442-48-3607-Member,442-48-3607,Member,Male
835-16-0096-Member,835-16-0096,Member,Male
527-09-6272-Member,527-09-6272,Member,Female
898-04-2717-Normal,898-04-2717,Normal,Male
692-27-8933-Normal,692-27-8933,Normal,Female
633-09-3463-Normal,633-09-3463,Normal,Female
374-17-3652-Member,374-17-3652,Member,Female
378-07-7001-Member,378-07-7001,Member,Male
433-75-6987-Member,433-75-6987,Member,Female
873-95-4984-Member,873-95-4984,Member,Female
416-13-5917-Normal,416-13-5917,Normal,Female
150-89-8043-Normal,150-89-8043,Normal,Male
135-84-8019-Normal,135-84-8019,Normal,Female
441-94-7118-Member,441-94-7118,Member,Male
725-96-3778-Member,725-96-3778,Member,Female
531-80-1784-Normal,531-80-1784,Normal,Male
400-45-1220-Normal,400-45-1220,Normal,Female
860-79-0874-Member,860-79-0874,Member,Female
834-61-8124-Normal,834-61-8124,Normal,Male
115-99-4379-Member,115-99-4379,Member,Female
565-67-6697-Member,565-67-6697,Member,Male
320-49-6392-Normal,320-49-6392,Normal,Female
889-04-9723-Member,889-04-9723,Member,Female
632-90-0281-Normal,632-90-0281,Normal,Female
554-42-2417-Normal,554-42-2417,Normal,Female
453-63-6187-Normal,453-63-6187,Normal,Male
578-80-7669-Normal,578-80-7669,Normal,Male
612-36-5536-Member,612-36-5536,Member,Male
605-72-4132-Normal,605-72-4132,Normal,Female
471-41-2823-Normal,471-41-2823,Normal,Male
462-67-9126-Normal,462-67-9126,Normal,Male
272-27-9238-Normal,272-27-9238,Normal,Female
834-25-9262-Normal,834-25-9262,Normal,Female
122-61-9553-Normal,122-61-9553,Normal,Female
468-88-0009-Member,468-88-0009,Member,Male
613-59-9758-Normal,613-59-9758,Normal,Female
254-31-0042-Member,254-31-0042,Member,Male
201-86-2184-Member,201-86-2184,Member,Female
261-12-8671-Normal,261-12-8671,Normal,Female
730-70-9830-Normal,730-70-9830,Normal,Female
382-25-8917-Normal,382-25-8917,Normal,Male
422-29-8786-Normal,422-29-8786,Normal,Female
667-23-5919-Member,667-23-5919,Member,Female
843-01-4703-Member,843-01-4703,Member,Female
743-88-1662-Normal,743-88-1662,Normal,Male
595-86-2894-Member,595-86-2894,Member,Male
182-69-8360-Normal,182-69-8360,Normal,Female
289-15-7034-Member,289-15-7034,Member,Male
462-78-5240-Normal,462-78-5240,Normal,Female
868-52-7573-Normal,868-52-7573,Normal,Female
153-58-4872-Member,153-58-4872,Member,Female
662-72-2873-Normal,662-72-2873,Normal,Female
525-88-7307-Member,525-88-7307,Member,Male
689-16-9784-Normal,689-16-9784,Normal,Male
725-56-0833-Normal,725-56-0833,Normal,Female
394-41-0748-Member,394-41-0748,Member,Female
596-42-3999-Normal,596-42-3999,Normal,Male
541-89-9860-Member,541-89-9860,Member,Female
173-82-9529-Normal,173-82-9529,Normal,Female
563-36-9814-Member,563-36-9814,Member,Male
308-47-4913-Member,308-47-4913,Member,Female
885-17-6250-Normal,885-17-6250,Normal,Female
726-27-2396-Normal,726-27-2396,Normal,Female
316-01-3952-Normal,316-01-3952,Normal,Female
760-54-1821-Normal,760-54-1821,Normal,Male
793-10-3222-Member,793-10-3222,Member,Female
346-12-3257-Member,346-12-3257,Member,Male
110-05-6330-Normal,110-05-6330,Normal,Female
651-61-0874-Normal,651-61-0874,Normal,Male
236-86-3015-Member,236-86-3015,Member,Male
831-64-0259-Normal,831-64-0259,Normal,Female
587-03-7455-Member,587-03-7455,Member,Female
882-40-4577-Member,882-40-4577,Member,Male
732-67-5346-Normal,732-67-5346,Normal,Male
725-32-9708-Member,725-32-9708,Member,Female
256-08-8343-Normal,256-08-8343,Normal,Female
372-26-1506-Normal,372-26-1506,Normal,Female
244-08-0162-Normal,244-08-0162,Normal,Female
569-71-4390-Normal,569-71-4390,Normal,Male
132-23-6451-Member,132-23-6451,Member,Male
696-90-2548-Normal,696-90-2548,Normal,Male
472-15-9636-Normal,472-15-9636,Normal,Male
268-03-6164-Normal,268-03-6164,Normal,Male
750-57-9686-Normal,750-57-9686,Normal,Female
186-09-3669-Member,186-09-3669,Member,Female
848-07-1692-Normal,848-07-1692,Normal,Female
745-71-3520-Member,745-71-3520,Member,Female
266-76-6436-Member,266-76-6436,Member,Female
740-22-2500-Normal,740-22-2500,Normal,Female
271-88-8734-Member,271-88-8734,Member,Female
301-81-8610-Member,301-81-8610,Member,Male
489-64-4354-Normal,489-64-4354,Normal,Male
198-84-7132-Member,198-84-7132,Member,Male
269-10-8440-Member,269-10-8440,Member,Male
650-98-6268-Member,650-98-6268,Member,Female
741-73-3559-Normal,741-73-3559,Normal,Male
325-77-6186-Member,325-77-6186,Member,Female
286-75-7818-Normal,286-75-7818,Normal,Male
574-57-9721-Normal,574-57-9721,Normal,Male
459-50-7686-Normal,459-50-7686,Normal,Female
616-87-0016-Normal,616-87-0016,Normal,Male
837-55-7229-Normal,837-55-7229,Normal,Female
751-69-0068-Normal,751-69-0068,Normal,Male
257-73-1380-Member,257-73-1380,Member,Male
345-08-4992-Normal,345-08-4992,Normal,Male
549-96-4200-Member,549-96-4200,Member,Male
810-60-6344-Normal,810-60-6344,Normal,Female
450-28-2866-Member,450-28-2866,Member,Male
394-30-3170-Member,394-30-3170,Member,Female
138-17-5109-Member,138-17-5109,Member,Female
192-98-7397-Normal,192-98-7397,Normal,Male
301-11-9629-Normal,301-11-9629,Normal,Female
390-80-5128-Member,390-80-5128,Member,Female
235-46-8343-Member,235-46-8343,Member,Male
453-12-7053-Normal,453-12-7053,Normal,Male
296-11-7041-Member,296-11-7041,Member,Female
449-27-2918-Member,449-27-2918,Member,Female
891-01-7034-Normal,891-01-7034,Normal,Female
744-09-5786-Normal,744-09-5786,Normal,Male
727-17-0390-Normal,727-17-0390,Normal,Female
568-88-3448-Normal,568-88-3448,Normal,Male
187-83-5490-Member,187-83-5490,Member,Male
767-54-1907-Member,767-54-1907,Member,Female
710-46-4433-Member,710-46-4433,Member,Female
533-33-5337-Normal,533-33-5337,Normal,Male
325-90-8763-Member,325-90-8763,Member,Female
729-46-7422-Normal,729-46-7422,Normal,Male
639-76-1242-Normal,639-76-1242,Normal,Male
234-03-4040-Member,234-03-4040,Member,Female
326-71-2155-Normal,326-71-2155,Normal,Female
320-32-8842-Member,320-32-8842,Member,Female
470-32-9057-Member,470-32-9057,Member,Male
878-30-2331-Member,878-30-2331,Member,Female
440-59-5691-Member,440-59-5691,Member,Female
554-53-3790-Normal,554-53-3790,Normal,Male
746-19-0921-Normal,746-19-0921,Normal,Male
233-34-0817-Member,233-34-0817,Member,Female
767-05-1286-Member,767-05-1286,Member,Female
340-21-9136-Member,340-21-9136,Member,Female
405-31-3305-Member,405-31-3305,Member,Male
731-59-7531-Member,731-59-7531,Member,Male
676-39-6028-Member,676-39-6028,Member,Female
502-05-1910-Normal,502-05-1910,Normal,Male
485-30-8700-Normal,485-30-8700,Normal,Female
598-47-9715-Normal,598-47-9715,Normal,Male
701-69-8742-Normal,701-69-8742,Normal,Male
575-67-1508-Normal,575-67-1508,Normal,Male
541-08-3113-Normal,541-08-3113,Normal,Male
246-11-3901-Normal,246-11-3901,Normal,Female
674-15-9296-Normal,674-15-9296,Normal,Male
305-18-3552-Member,305-18-3552,Member,Male
493-65-6248-Member,493-65-6248,Member,Female
438-01-4015-Member,438-01-4015,Member,Female
709-58-4068-Normal,709-58-4068,Normal,Female
795-49-7276-Normal,795-49-7276,Normal,Male
556-72-8512-Normal,556-72-8512,Normal,Male
627-95-3243-Member,627-95-3243,Member,Female
686-41-0932-Normal,686-41-0932,Normal,Female
510-09-5628-Member,510-09-5628,Member,Female
608-04-3797-Member,608-04-3797,Member,Female
148-82-2527-Member,148-82-2527,Member,Female
437-53-3084-Normal,437-53-3084,Normal,Male
632-32-4574-Normal,632-32-4574,Normal,Male
556-97-7101-Normal,556-97-7101,Normal,Female
862-59-8517-Normal,862-59-8517,Normal,Female
401-18-8016-Member,401-18-8016,Member,Female
420-18-8989-Member,420-18-8989,Member,Female
